id_item,id_venda,linha_produto,descricao,valor_bruto
1001-1,1001,KIT_COMERCIAL,Kit fotovoltaico comercial,113120.06
1001-2,1001,INSTALACAO,Serviço de instalação e homologação,21648.28
1002-1,1002,KIT_RESIDENCIAL,Kit fotovoltaico residencial,34048.55
1003-1,1003,KIT_COMERCIAL,Kit fotovoltaico comercial,115876.4
1003-2,1003,INSTALACAO,Serviço de instalação e homologação,17427.14
1004-1,1004,KIT_RESIDENCIAL,Kit fotovoltaico residencial,16206.41
1004-2,1004,INSTALACAO,Serviço de instalação e homologação,2759.81
1005-1,1005,KIT_RESIDENCIAL,Kit fotovoltaico residencial,38261.54
1005-2,1005,INSTALACAO,Serviço de instalação e homologação,5979.24
1006-1,1006,KIT_RESIDENCIAL,Kit fotovoltaico residencial,31055.67
1006-2,1006,INSTALACAO,Serviço de instalação e homologação,5538.16
1007-1,1007,KIT_RESIDENCIAL,Kit fotovoltaico residencial,20413.35
1007-2,1007,INSTALACAO,Serviço de instalação e homologação,2964.76
1008-1,1008,KIT_RESIDENCIAL,Kit fotovoltaico residencial,26847.85
1008-2,1008,INSTALACAO,Serviço de instalação e homologação,3751.46
1009-1,1009,KIT_RESIDENCIAL,Kit fotovoltaico residencial,28266.74
1009-2,1009,INSTALACAO,Serviço de instalação e homologação,3498.55
1010-1,1010,KIT_RESIDENCIAL,Kit fotovoltaico residencial,28815.2
1011-1,1011,KIT_COMERCIAL,Kit fotovoltaico comercial,82346.06
1012-1,1012,KIT_COMERCIAL,Kit fotovoltaico comercial,103172.85
1012-2,1012,INSTALACAO,Serviço de instalação e homologação,13642.25
1013-1,1013,KIT_RESIDENCIAL,Kit fotovoltaico residencial,38604.21
1014-1,1014,KIT_RESIDENCIAL,Kit fotovoltaico residencial,35443.36
1014-2,1014,INSTALACAO,Serviço de instalação e homologação,5600.85
1015-1,1015,KIT_RESIDENCIAL,Kit fotovoltaico residencial,33962.57
1016-1,1016,KIT_RESIDENCIAL,Kit fotovoltaico residencial,20443.21
1016-2,1016,INSTALACAO,Serviço de instalação e homologação,2569.29
1017-1,1017,KIT_RESIDENCIAL,Kit fotovoltaico residencial,29098.55
1017-2,1017,INSTALACAO,Serviço de instalação e homologação,5545.91
1018-1,1018,KIT_RESIDENCIAL,Kit fotovoltaico residencial,25510.86
1019-1,1019,KIT_RESIDENCIAL,Kit fotovoltaico residencial,20962.38
1019-2,1019,INSTALACAO,Serviço de instalação e homologação,3267.81
1020-1,1020,KIT_COMERCIAL,Kit fotovoltaico comercial,104518.78
1020-2,1020,INSTALACAO,Serviço de instalação e homologação,12665.65
1021-1,1021,KIT_RESIDENCIAL,Kit fotovoltaico residencial,15641.79
1021-2,1021,INSTALACAO,Serviço de instalação e homologação,3109.97
1022-1,1022,KIT_RESIDENCIAL,Kit fotovoltaico residencial,19317.14
1023-1,1023,KIT_RESIDENCIAL,Kit fotovoltaico residencial,15592.63
1023-2,1023,INSTALACAO,Serviço de instalação e homologação,2933.09
1024-1,1024,KIT_RESIDENCIAL,Kit fotovoltaico residencial,25738.3
1025-1,1025,KIT_RESIDENCIAL,Kit fotovoltaico residencial,26802.29
1026-1,1026,KIT_COMERCIAL,Kit fotovoltaico comercial,73598.9
1027-1,1027,KIT_RESIDENCIAL,Kit fotovoltaico residencial,32700.17
1027-2,1027,INSTALACAO,Serviço de instalação e homologação,6361.51
1028-1,1028,KIT_RESIDENCIAL,Kit fotovoltaico residencial,34093.14
1028-2,1028,INSTALACAO,Serviço de instalação e homologação,5821.03
1029-1,1029,KIT_COMERCIAL,Kit fotovoltaico comercial,116654.16
1029-2,1029,INSTALACAO,Serviço de instalação e homologação,16443.15
1030-1,1030,KIT_RESIDENCIAL,Kit fotovoltaico residencial,18173.52
1030-2,1030,INSTALACAO,Serviço de instalação e homologação,2717.62
1031-1,1031,KIT_RESIDENCIAL,Kit fotovoltaico residencial,39169.89
1032-1,1032,KIT_RESIDENCIAL,Kit fotovoltaico residencial,41333.77
1033-1,1033,KIT_COMERCIAL,Kit fotovoltaico comercial,109530.38
1033-2,1033,INSTALACAO,Serviço de instalação e homologação,13482.97
1034-1,1034,KIT_COMERCIAL,Kit fotovoltaico comercial,105323.38
1034-2,1034,INSTALACAO,Serviço de instalação e homologação,14986.28
1035-1,1035,KIT_RESIDENCIAL,Kit fotovoltaico residencial,40298.64
1035-2,1035,INSTALACAO,Serviço de instalação e homologação,7964.3
1036-1,1036,KIT_COMERCIAL,Kit fotovoltaico comercial,99833.3
1037-1,1037,KIT_RESIDENCIAL,Kit fotovoltaico residencial,40327.37
1037-2,1037,INSTALACAO,Serviço de instalação e homologação,5474.96
1038-1,1038,KIT_RESIDENCIAL,Kit fotovoltaico residencial,28199.43
1038-2,1038,INSTALACAO,Serviço de instalação e homologação,4119.79
1039-1,1039,KIT_RESIDENCIAL,Kit fotovoltaico residencial,31234.42
1040-1,1040,KIT_RESIDENCIAL,Kit fotovoltaico residencial,19983.64
1040-2,1040,INSTALACAO,Serviço de instalação e homologação,3838.75
1041-1,1041,KIT_RESIDENCIAL,Kit fotovoltaico residencial,20576.32
1041-2,1041,INSTALACAO,Serviço de instalação e homologação,3796.85
1042-1,1042,KIT_COMERCIAL,Kit fotovoltaico comercial,109028.13
1043-1,1043,KIT_RESIDENCIAL,Kit fotovoltaico residencial,29607.36
1044-1,1044,KIT_RESIDENCIAL,Kit fotovoltaico residencial,31154.27
1044-2,1044,INSTALACAO,Serviço de instalação e homologação,4996.59
1045-1,1045,KIT_RESIDENCIAL,Kit fotovoltaico residencial,35442.78
1045-2,1045,INSTALACAO,Serviço de instalação e homologação,6030.23
1046-1,1046,KIT_COMERCIAL,Kit fotovoltaico comercial,61588.67
1047-1,1047,MONITORAMENTO,Monitoramento remoto mensal,449.9
1048-1,1048,MONITORAMENTO,Monitoramento remoto mensal,449.9
1049-1,1049,MONITORAMENTO,Monitoramento remoto mensal,449.9
1050-1,1050,MONITORAMENTO,Monitoramento remoto mensal,249.9
1051-1,1051,MONITORAMENTO,Monitoramento remoto mensal,449.9
1052-1,1052,MONITORAMENTO,Monitoramento remoto mensal,249.9
1053-1,1053,MONITORAMENTO,Monitoramento remoto mensal,189.9
1054-1,1054,MONITORAMENTO,Monitoramento remoto mensal,449.9
1055-1,1055,MONITORAMENTO,Monitoramento remoto mensal,329.9
1056-1,1056,MONITORAMENTO,Monitoramento remoto mensal,449.9
1057-1,1057,MONITORAMENTO,Monitoramento remoto mensal,189.9
1058-1,1058,MONITORAMENTO,Monitoramento remoto mensal,329.9
1059-1,1059,MONITORAMENTO,Monitoramento remoto mensal,189.9
1060-1,1060,MONITORAMENTO,Monitoramento remoto mensal,189.9
