id_venda,tipo,data_venda,cliente,vendedor,vendedor2,canal,desconto_pct,status,data_cancelamento
1001,PROJETO,2026-09-04,Padaria Bom Grão,Ana Ribeiro,,DIRETO,0,ATIVA,
1002,PROJETO,2026-06-07,Condomínio Vila Serena,Bruno Sato,,PARCEIRO,3,ATIVA,
1003,PROJETO,2026-06-23,Mercado Irmãos Tanaka,Camila Duarte,,DIRETO,3,ATIVA,
1004,PROJETO,2026-08-05,Clínica Sorriso Pleno,Ana Ribeiro,Camila Duarte,DIRETO,5,ATIVA,
1005,PROJETO,2026-08-01,Auto Center Rota 116,Diego Ferraz,,INDICACAO,12,ATIVA,
1006,PROJETO,2026-07-22,Fazenda Santa Luzia,Bruno Sato,,PARCEIRO,0,ATIVA,
1007,PROJETO,2026-09-08,Escola Pequeno Príncipe,Érica Lins,,INDICACAO,0,ATIVA,
1008,PROJETO,2026-08-07,Hotel Mirante,Diego Ferraz,,DIRETO,5,ATIVA,
1009,PROJETO,2026-09-02,Academia Força Total,Bruno Sato,,DIRETO,12,ATIVA,
1010,PROJETO,2026-08-20,Laticínios Serra Azul,Ana Ribeiro,Bruno Sato,DIRETO,12,ATIVA,
1011,PROJETO,2026-07-10,Residência Oliveira,Bruno Sato,,PARCEIRO,12,CANCELADA,2026-08-25
1012,PROJETO,2026-06-17,Residência Carvalho,João Pedro Almeida,,INDICACAO,10,ATIVA,
1013,PROJETO,2026-06-05,Residência Moura,Bruno Sato,João Pedro Almeida,DIRETO,3,CANCELADA,2026-09-15
1014,PROJETO,2026-06-24,Residência Pacheco,Camila Duarte,,DIRETO,5,ATIVA,
1015,PROJETO,2026-08-07,Residência Siqueira,João Pedro Almeida,,PARCEIRO,3,ATIVA,
1016,PROJETO,2026-06-08,Residência Tavares,Ana Ribeiro,,DIRETO,7,ATIVA,
1017,PROJETO,2026-08-03,Posto Estrela,Camila Duarte,,DIRETO,5,ATIVA,
1018,PROJETO,2026-08-07,Galpão LogMax,Ana Ribeiro,,PARCEIRO,0,ATIVA,
1019,PROJETO,2026-06-02,Restaurante Sabor de Minas,Bruno Sato,,DIRETO,3,ATIVA,
1020,PROJETO,2026-06-15,Igreja Nova Aliança,João Pedro Almeida,,INDICACAO,0,ATIVA,
1021,PROJETO,2026-06-14,Residência Barros,Camila Duarte,,DIRETO,0,ATIVA,
1022,PROJETO,2026-08-23,Residência Freitas,Érica Lins,,PARCEIRO,10,ATIVA,
1023,PROJETO,2026-05-19,Supermercado Real,Camila Duarte,,INDICACAO,0,ATIVA,
1024,PROJETO,2026-06-19,Oficina Duas Rodas,Bruno Sato,,PARCEIRO,15,ATIVA,
1025,PROJETO,2026-08-08,Residência Nunes,Bruno Sato,,DIRETO,15,ATIVA,
1026,PROJETO,2026-06-03,Pet Shop Amigo Fiel,Camila Duarte,,PARCEIRO,0,ATIVA,
1027,PROJETO,2026-07-20,Residência Queiroz,João Pedro Almeida,,INDICACAO,0,ATIVA,
1028,PROJETO,2026-08-10,Madeireira Ipê,Érica Lins,,DIRETO,0,ATIVA,
1029,PROJETO,2026-06-21,Residência Lopes,Camila Duarte,,DIRETO,10,ATIVA,
1030,PROJETO,2026-09-01,Cerâmica São Bento,Ana Ribeiro,,INDICACAO,5,ATIVA,
1031,PROJETO,2026-07-12,Residência Vasconcelos,João Pedro Almeida,,PARCEIRO,0,ATIVA,
1032,PROJETO,2026-09-24,Farmácia Popular Centro,Ana Ribeiro,,INDICACAO,12,ATIVA,
1033,PROJETO,2026-09-28,Residência Brandão,Érica Lins,,DIRETO,5,ATIVA,
1034,PROJETO,2026-08-10,Hortifruti Verde Vale,João Pedro Almeida,,INDICACAO,0,ATIVA,
1035,PROJETO,2026-09-17,Residência Castro,Bruno Sato,,INDICACAO,0,ATIVA,
1036,PROJETO,2026-09-03,Colégio Horizonte,João Pedro Almeida,,PARCEIRO,5,ATIVA,
1037,PROJETO,2026-08-01,Residência Prado,Camila Duarte,,INDICACAO,3,ATIVA,
1038,PROJETO,2026-09-11,Distribuidora Leste,Diego Ferraz,,DIRETO,7,ATIVA,
1039,PROJETO,2026-08-22,Residência Rezende,João Pedro Almeida,,PARCEIRO,0,ATIVA,
1040,PROJETO,2026-09-20,Sítio Recanto,Diego Ferraz,,DIRETO,10,ATIVA,
1041,PROJETO,2026-08-02,Residência Figueira,Diego Ferraz,,DIRETO,0,ATIVA,
1042,PROJETO,2026-06-15,Loja Casa & Cia,Camila Duarte,Ana Ribeiro,PARCEIRO,7,ATIVA,
1043,PROJETO,2026-07-06,Residência Amaral,João Pedro Almeida,,PARCEIRO,0,ATIVA,
1044,PROJETO,2026-09-18,Pousada Maré,Diego Ferraz,,INDICACAO,12,ATIVA,
1045,PROJETO,2026-08-15,Residência Guedes,Bruno Sato,,DIRETO,0,ATIVA,
1046,PROJETO,2026-07-11,Indústria Metalflex,Bruno Sato,,PARCEIRO,0,ATIVA,
1047,ASSINATURA,2026-08-14,Hotel Mirante (monit.),Ana Ribeiro,,INDICACAO,0,ATIVA,
1048,ASSINATURA,2026-09-19,Residência Oliveira (monit.),João Pedro Almeida,,DIRETO,0,ATIVA,
1049,ASSINATURA,2026-08-01,Residência Pacheco (monit.),João Pedro Almeida,,DIRETO,0,ATIVA,
1050,ASSINATURA,2026-09-14,Posto Estrela (monit.),Camila Duarte,,PARCEIRO,0,ATIVA,
1051,ASSINATURA,2026-08-08,Igreja Nova Aliança (monit.),Bruno Sato,,DIRETO,0,ATIVA,
1052,ASSINATURA,2026-07-22,Supermercado Real (monit.),Diego Ferraz,,DIRETO,0,ATIVA,
1053,ASSINATURA,2026-09-15,Pet Shop Amigo Fiel (monit.),João Pedro Almeida,,INDICACAO,0,ATIVA,
1054,ASSINATURA,2026-08-19,Residência Lopes (monit.),Camila Duarte,,DIRETO,0,ATIVA,
1055,ASSINATURA,2026-06-15,Farmácia Popular Centro (monit.),Ana Ribeiro,,DIRETO,0,ATIVA,
1056,ASSINATURA,2026-06-15,Residência Castro (monit.),Bruno Sato,,PARCEIRO,0,ATIVA,
1057,ASSINATURA,2026-07-25,Distribuidora Leste (monit.),João Pedro Almeida,,DIRETO,0,ATIVA,
1058,ASSINATURA,2026-08-06,Residência Figueira (monit.),Érica Lins,,INDICACAO,0,ATIVA,
1059,ASSINATURA,2026-06-21,Pousada Maré (monit.),Ana Ribeiro,,INDICACAO,0,ATIVA,
1060,ASSINATURA,2026-09-01,Residência Sampaio (monit.),João Pedro Almeida,,DIRETO,0,ATIVA,
