n_baixa,n_parcela,id_venda,parcela,total_parcelas,valor_parcela,valor_pago,data_pagamento
50035,1019-P01,1019,1,1,23503.28,23503.28,2026-06-09
50002,1002-P01,1002,1,1,33027.09,19816.25,2026-06-10
50100,1055-P01,1055,1,12,329.9,329.9,2026-06-17
50036,1020-P01,1020,1,1,117184.43,46873.77,2026-06-18
50003,1002-P01,1002,1,1,33027.09,13210.84,2026-06-19
50078,1042-P01,1042,1,3,33798.72,33798.72,2026-06-20
50038,1021-P01,1021,1,3,6250.59,6250.59,2026-06-21
50112,1059-P01,1059,1,12,189.9,189.9,2026-06-23
50019,1012-P01,1012,1,4,26283.4,26283.4,2026-06-24
50043,1023-P02,1023,2,3,6175.24,6175.24,2026-06-24
50045,1024-P01,1024,1,6,3646.26,3646.26,2026-06-24
50022,1013-P01,1013,1,6,6241.01,6241.01,2026-06-25
50060,1029-P01,1029,1,3,39929.19,39929.19,2026-06-26
50104,1056-P01,1056,1,12,449.9,449.9,2026-06-26
50037,1020-P01,1020,1,1,117184.43,70310.66,2026-06-27
50004,1003-P01,1003,1,2,64652.22,64652.22,2026-06-30
50026,1014-P01,1014,1,4,9748.0,9748.0,2026-07-01
50052,1026-P02,1026,2,4,18399.72,7359.89,2026-07-10
50081,1043-P01,1043,1,6,4934.56,4934.56,2026-07-11
50064,1031-P01,1031,1,3,13056.63,13056.63,2026-07-17
50101,1055-P02,1055,2,12,329.9,329.9,2026-07-17
50105,1056-P02,1056,2,12,449.9,449.9,2026-07-18
50023,1013-P02,1013,2,6,6241.01,6241.01,2026-07-19
50053,1026-P02,1026,2,4,18399.72,11039.83,2026-07-19
50079,1042-P02,1042,2,3,33798.72,33798.72,2026-07-20
50039,1021-P02,1021,2,3,6250.59,6250.59,2026-07-21
50020,1012-P02,1012,2,4,26283.4,26283.4,2026-07-23
50113,1059-P02,1059,2,12,189.9,189.9,2026-07-23
50016,1011-P01,1011,1,3,24154.84,24154.84,2026-07-24
50044,1023-P03,1023,3,3,6175.24,6175.24,2026-07-24
50096,1052-P01,1052,1,12,249.9,249.9,2026-07-24
50061,1029-P02,1029,2,3,39929.19,39929.19,2026-07-26
50005,1003-P02,1003,2,2,64652.21,64652.21,2026-07-28
50009,1006-P01,1006,1,2,18296.92,18296.92,2026-07-29
50108,1057-P01,1057,1,12,189.9,189.9,2026-07-29
50027,1014-P02,1014,2,4,9748.0,9748.0,2026-07-31
50086,1046-P01,1046,1,4,15397.17,15397.17,2026-07-31
50057,1027-P01,1027,1,2,19530.84,19530.84,2026-08-03
50091,1049-P01,1049,1,12,449.9,449.9,2026-08-04
50007,1005-P01,1005,1,2,19465.94,19465.94,2026-08-06
50071,1037-P01,1037,1,2,22214.13,22214.13,2026-08-06
50006,1004-P01,1004,1,1,18017.91,18017.91,2026-08-08
50046,1024-P02,1024,2,6,3646.26,3646.26,2026-08-08
50029,1015-P01,1015,1,3,10981.23,10981.23,2026-08-13
50012,1008-P01,1008,1,4,7267.34,4360.4,2026-08-14
50033,1018-P01,1018,1,6,4251.81,4251.81,2026-08-16
50017,1011-P02,1011,2,3,24154.84,24154.84,2026-08-17
50031,1017-P01,1017,1,3,10970.75,10970.75,2026-08-17
50054,1026-P03,1026,3,4,18399.72,11039.83,2026-08-17
50065,1031-P02,1031,2,3,13056.63,13056.63,2026-08-17
50067,1034-P01,1034,1,2,60154.83,60154.83,2026-08-17
50106,1056-P03,1056,3,12,449.9,449.9,2026-08-17
50110,1058-P01,1058,1,12,329.9,329.9,2026-08-17
50102,1055-P03,1055,3,12,329.9,329.9,2026-08-19
50040,1021-P03,1021,3,3,6250.58,6250.58,2026-08-20
50082,1043-P02,1043,2,6,4934.56,4934.56,2026-08-20
50089,1047-P01,1047,1,12,449.9,449.9,2026-08-20
50021,1012-P03,1012,3,4,26283.4,26283.4,2026-08-22
50059,1028-P01,1028,1,1,39914.17,39914.17,2026-08-22
50085,1045-P01,1045,1,1,41473.01,41473.01,2026-08-22
50047,1024-P03,1024,3,6,3646.26,2187.76,2026-08-24
50024,1013-P03,1013,3,6,6241.01,6241.01,2026-08-25
50087,1046-P02,1046,2,4,15397.17,15397.17,2026-08-25
50094,1051-P01,1051,1,12,449.9,449.9,2026-08-25
50098,1054-P01,1054,1,12,449.9,449.9,2026-08-25
50062,1029-P03,1029,3,3,39929.2,39929.2,2026-08-27
50049,1025-P01,1025,1,4,5695.49,5695.49,2026-08-28
50013,1008-P01,1008,1,4,7267.34,2906.94,2026-08-29
50028,1014-P03,1014,3,4,9748.0,9748.0,2026-08-30
50041,1022-P01,1022,1,1,17385.43,17385.43,2026-08-30
50055,1026-P03,1026,3,4,18399.72,7359.89,2026-09-01
50048,1024-P03,1024,3,6,3646.26,1458.5,2026-09-03
50092,1049-P02,1049,2,12,449.9,449.9,2026-09-03
50080,1042-P03,1042,3,3,33798.72,33798.72,2026-09-04
50010,1006-P02,1006,2,2,18296.91,18296.91,2026-09-05
50109,1057-P02,1057,2,12,189.9,189.9,2026-09-05
50115,1060-P01,1060,1,12,189.9,189.9,2026-09-05
50008,1005-P02,1005,2,2,19465.95,19465.95,2026-09-06
50063,1030-P01,1030,1,1,19846.58,19846.58,2026-09-06
50077,1041-P02,1041,2,4,6093.29,6093.29,2026-09-07
50114,1059-P03,1059,3,12,189.9,189.9,2026-09-07
50001,1001-P01,1001,1,1,134768.34,134768.34,2026-09-08
50070,1036-P01,1036,1,6,15806.94,15806.94,2026-09-08
50072,1037-P02,1037,2,2,22214.13,22214.13,2026-09-08
50097,1052-P02,1052,2,12,249.9,249.9,2026-09-08
50111,1058-P02,1058,2,12,329.9,329.9,2026-09-08
50015,1009-P01,1009,1,1,27953.46,27953.46,2026-09-09
50056,1026-P04,1026,4,4,18399.74,18399.74,2026-09-09
50058,1027-P02,1027,2,2,19530.84,19530.84,2026-09-09
50025,1013-P04,1013,4,6,6241.01,6241.01,2026-09-10
50032,1017-P02,1017,2,3,10970.75,10970.75,2026-09-10
50074,1039-P01,1039,1,3,10411.47,10411.47,2026-09-11
50014,1008-P02,1008,2,4,7267.34,7267.34,2026-09-12
50050,1025-P02,1025,2,4,5695.49,2847.74,2026-09-13
50011,1007-P01,1007,1,4,5844.53,5844.53,2026-09-14
50034,1018-P02,1018,2,6,4251.81,4251.81,2026-09-16
50068,1034-P02,1034,2,2,60154.83,60154.83,2026-09-16
50073,1038-P01,1038,1,1,30056.87,30056.87,2026-09-16
50088,1046-P03,1046,3,4,15397.17,15397.17,2026-09-16
50103,1055-P04,1055,4,12,329.9,329.9,2026-09-17
50107,1056-P04,1056,4,12,449.9,449.9,2026-09-19
50084,1044-P01,1044,1,1,31812.76,31812.76,2026-09-21
59001,1013-P05,1013,5,6,6241.01,6241.01,2026-09-22
50069,1035-P01,1035,1,2,24131.47,24131.47,2026-09-23
50076,1040-P01,1040,1,1,21440.15,21440.15,2026-09-25
50090,1047-P02,1047,2,12,449.9,449.9,2026-09-25
50093,1050-P01,1050,1,12,249.9,249.9,2026-09-25
50095,1051-P02,1051,2,12,449.9,449.9,2026-09-25
50051,1025-P02,1025,2,4,5695.49,2847.75,2026-09-26
50066,1031-P03,1031,3,3,13056.63,6528.32,2026-09-26
50083,1043-P03,1043,3,6,4934.56,4934.56,2026-09-26
50030,1015-P02,1015,2,3,10981.23,10981.23,2026-09-27
50075,1039-P02,1039,2,3,10411.47,10411.47,2026-09-27
50018,1011-P03,1011,3,3,24154.85,24154.85,2026-09-30
50099,1054-P02,1054,2,12,449.9,449.9,2026-09-30
