nome,competencia,comissao,bonus_meta,rampagem,override,total
Ana Ribeiro,2026-08,795.14,0,0.0,0.0,795.14
Ana Ribeiro,2026-09,5662.14,2500,0.0,0.0,8162.14
Bruno Sato,2026-08,2686.4,800,0.0,0.0,3486.4
Bruno Sato,2026-09,3153.94,1500,0.0,0.0,4653.94
Camila Duarte,2026-08,3896.46,800,0.0,0.0,4696.46
Camila Duarte,2026-09,2158.1,0,0.0,0.0,2158.1
Diego Ferraz,2026-08,690.47,1500,809.53,0.0,3000.0
Diego Ferraz,2026-09,3343.07,1500,0.0,0.0,4843.07
Érica Lins,2026-08,2225.65,800,0.0,0.0,3025.65
Érica Lins,2026-09,190.16,2500,0.0,0.0,2690.16
João Pedro Almeida,2026-08,3976.91,2500,0.0,0.0,6476.91
João Pedro Almeida,2026-09,3933.36,0,0.0,0.0,3933.36
Marcos Teles,2026-08,0.0,0,0.0,1554.4,1554.4
Marcos Teles,2026-09,0.0,0,0.0,2638.85,2638.85
Paula Nogueira,2026-08,0.0,0,0.0,2627.27,2627.27
Paula Nogueira,2026-09,0.0,0,0.0,3480.79,3480.79
