n_baixa,id_venda,competencia,comissao
50001,1001,2026-09,4692.5
50006,1004,2026-08,773.15
50007,1005,2026-08,381.96
50008,1005,2026-09,381.96
50010,1006,2026-09,388.2
50011,1007,2026-09,190.16
50012,1008,2026-08,185.1
50013,1008,2026-08,123.4
50014,1008,2026-09,308.51
50015,1009,2026-09,707.82
50021,1012,2026-08,587.06
50024,1013,2026-08,249.64
50025,1013,2026-09,249.64
50028,1014,2026-08,416.52
50029,1015,2026-08,274.53
50030,1015,2026-09,274.53
50031,1017,2026-08,473.95
50032,1017,2026-09,473.95
50033,1018,2026-08,106.3
50034,1018,2026-09,106.3
50040,1021,2026-08,270.76
50041,1022,2026-08,347.71
50046,1024,2026-08,54.69
50047,1024,2026-08,32.82
50048,1024,2026-09,21.88
50049,1025,2026-08,136.69
50050,1025,2026-09,68.35
50051,1025,2026-09,68.35
50054,1026,2026-08,220.8
50055,1026,2026-09,147.2
50056,1026,2026-09,367.99
50057,1027,2026-08,649.54
50058,1027,2026-09,649.54
50059,1028,2026-08,1712.99
50062,1029,2026-08,1076.69
50063,1030,2026-09,647.04
50065,1031,2026-08,326.42
50066,1031,2026-09,163.21
50067,1034,2026-08,1691.2
50068,1034,2026-09,1691.2
50069,1035,2026-09,803.59
50070,1036,2026-09,316.14
50071,1037,2026-08,719.53
50072,1037,2026-09,719.53
50073,1038,2026-09,1023.12
50074,1039,2026-09,260.29
50075,1039,2026-09,260.29
50076,1040,2026-09,741.36
50077,1041,2026-09,262.71
50080,1042,2026-09,540.78
50082,1043,2026-08,123.36
50083,1043,2026-09,123.36
50084,1044,2026-09,625.39
50085,1045,2026-08,1779.52
50087,1046,2026-08,307.94
50088,1046,2026-09,307.94
50091,1049,2026-08,224.95
50110,1058,2026-08,164.95
50089,1047,2026-08,224.95
50094,1051,2026-08,224.95
50098,1054,2026-08,224.95
50115,1060,2026-09,94.95
50093,1050,2026-09,124.95
